Name;Betastrands;PDB_code;data
OmpA;8;1QJP;APKDNTWYT GAKLGWSQYH DTGFINNNGP THENQLGAGA FGGYQVNPYV GFEMGYDWLG RMPYKGSVEN GAYKAQGVQL TAKLGYPITD DLDIYTRLGG MVWRADTKSN VYGKNHDTGV SPVFAGGVEY AITPEIATRL EYQWTNNIGD AHTIGTRPDN GMLSLGVSYR FGQGEAA
OmpX;8;1QJ8;ATSTVTG GYAQSDAQGQ MNKMGGFNLK YRYEEDNSPL GVIGSFTYTE KSRTASSGDY NKNQYYGITA GPAYRINDWA SIYGVVGVGY GKFQTTEYPT YKHDTSDYGF SYGAGLQFNP MENVALDFSY EQSRIRSVDV GTWIAGVGYR F
OmpT;10;1I78;STETLSFTPD NINADISLGT LSGKTKERVY LAEEGGRKVS QLDWKFNNAA IIKGAINWDL MPQISIGAAG WTTLGSRGGN MVDQDWMDSS NPGTWTDESR HPDTQLNYAN EFDLNIKGWL LNEPNYRLGL MAGYQESRYS FTARGGSYIY SSEEGFRDDI GSFPNGERAI GYKQRFKMPY IGLTGSYRYE DFELGGTFKY SGWVESSDND EHYDPGKRIT YRSKVKDQNY YSVAVNAGYY VTPNAKVYVE GAWNRVTNKK GNTSLYDHNN NTSDYSKNGA GIENYNFITT AGLKYTF
OmpLA;12;1QD5;AVRGSIIA NMLQEHDNPF TLYPYDTNYL IYTQTSDLNK EAIASYDWAE NARKDEVKFQ LSLAFPLWRG ILGPNSVLGA SYTQKSWWQL SNSEESSPFR ETNYEPQLFL GFATDYRFAG WTLRDVEMGY NHDSNGRSDP TSRSWNRLYT RLMAENGNWL VEVKPWYVVG NTDDNPDITK YMGYYQLKIG YHLGDAVLSA KGQYNWNTGY GGAELGLSYP ITKHVRLYTQ VYSGYGESLI DYNFNQTRVG VGVMLNDLF
Omp32;16;1E54;SVTLFGIVD TNVAYVNKDA AGDSRYGLGT SGASTSRLGL RGTEDLGGGL KAGFWLEGEI FGDDGNASGF NFKRRSTVSL SGNFGEVRLG RDLVPTSQKL TSYDLFSATG IGPFMGFRNW AAGQGADDNG IRANNLISYY TPNFGGFNAG FGYAFDEKQT IGTADSVGRY IGGYVAYDNG PLSASLGLAQ QKTAVGGLAT DRDEITLGAS YNFGVAKLSG LLQQTKFKRD IGGDIKTNSY MLGASAPVGG VGEVKLQYAL YDQKAIDSKA HQITLGYVHN LSKRTALYGN LAFLKNKDAS TLGLQAKGVY AGGVQAGESQ TGVQVGIRHA F
OmpF;16;2OMF;AEIYNKDGNKVDLYGKAVGLHYFSKGNGENSYGGNGDMTYARLGFKGETQINSDLTGYGQWEYNFQGNNSEGADAQTGNKTRLAFAGLKYADVGSFDYGRNYGVVYDALGYTDMLPEFGGDTAYSDDFFVGRVGGVATYRNSNFFGLVDGLNFAVQYLGKNERDTARRSNGDGVGGSISYEYEGFGIVGAYGAADRTNLQEAQPLGNGKKAEQWATGLKYDANNIYLAANYGETRNATPITNKFTNTSGFANKTQDVLLVAQYQFDFGLRPSIAYTKSKAKDVEGIGDVDLVNYFEVGATYYFNKNMSTYVDYIINQIDSDNKLGVGSDDTVAVGIVYQF
Porin;16;2POR;EVKLSGDARMGVMYNGDDWNFSSRSRVLFTMSGTTDSGLEFGASFKAHESVGAETGEDGTVFLSGAFGKIEMGDALGASEALFGDLYEVGYTDLDDRGGNDIPYLTGDERLTAEDNPVLLYTYSAGAFSVAASMSDGKVGETSEDDAQEMAVAAAYTFGNYTVGLGYEKIDSPDTALMADMEQLELAAIAKFGATNVKAYYADGELDRDFARAVFDLTPVAAAATAVDHKAYGLSVDSTFGATTVGGYVQVLDIDTIDDVTYYGLGASYDLGGGASIVGGIADNDLPNSDMVADLGVKFKF
Porin;16;1PRN;ISLNGYGRFGLQYVEDRGVGLEDTIISSRLRINIVGTTETDQGVTFGAKLRMQWDDGDAFAGTAGNAAQFWTSYNGVTVSVGNVDTAFDSVALTYDSEMGYEASSFGDAQSSFFAYNSKYDASGALDNYNGIAVTYSISGVNLYLSYVDPDQTVDSSLVTEEFGIAADWSNDMISLAAAYTTDAGGIVDNDIAFVGAAYKFNDAGTVGLNWYDNGLSTAGDQVTLYGNYAFGATTVRAYVSDIDRAGADTAYGIGADYQFAEGVKVSGSVQSGFANETVADVGVRFDF
Sucrose Porin;18;1A0S;SGFEFHGYARSGVIMNDSGASTKSGAYITPAGETGGAIGRLGNQADTYVEMNLEHKQTLDNGATTRFKVMVADGQTSYNDWTASTSDLNVRQAFVELGNLPTFAGPFKGSTLWAGKRFDRDNFDIHWIDSDVVFLAGTGGGIYDVKWNDGLRSNFSLYGRNFGDIDDSSNSVQNYILTMNHFAGPLQMMVSGLRAKDNDERKDSNGNLAKGDAANTGVHALLGLHNDSFYGLRDGSSKTALLYGHGLGAEVKGIGSDGALRPGADTWRIASYGTTPLSENWSVAPAMLAQRSKDRYADGDSYQWATFNLRLIQAINQNFALAYEGSYQYMDLKPEGYNDRQAVNGSFYKLTFAPTFKVGSIGDFFSRPEIRFYTSWMDWSKKLNNYASDDALGSDGFNSGGEWSFGVQMETWF
Maltoporin;18;2MPR;VDFHG YARSGIGWTG SGGEQQCFQA TGAQSKYRLG NECETYAELK LGQEVWKEGD KSFYFDTNVA YSVNQQNDWE STDPAFREAN VQGKNLIEWL PGSTIWAGKR FYQRHDVHMI DFYYWDISGP GAGIENIDLG FGKLSLAATR STEAGGSYTF SSQNIYDEVK DTANDVFDVR LAGLQTNPDG VLELGVDYGR ANTTDGYKLA DGASKDGWMF TAEHTQSMLK GYNKFVVQYA TDAMTTQGKG QARGSDGSSS FTEELSDGTK INYANKVINN NGNMWRILDH GAISLGDKWD LMYVGMYQNI DWDNNLGTEW WTVGVRPMYK WTPIMSTLLE VGYDNVKSQQ TGDRNNQYKI TLAQQWQAGD SIWSRPAIRI FATYAKWDEK WGYIKDGDNI SRYAAATNSG ISTNSRGDSD EWTFGAQMEI WW
FepA;22;1FEP;DDTIVVTA AEQNLQAPGV STITADEIRK NPVARDVSKI IRTMPGVNLT GNSTSGQRGN NRQIDIRGMG PENTLILIDG KPVSSRNSVR QGWRGERDTR GDTSWVPPEM IERIEVLRGP AAARYGNGAA GGVVNIITKK GSGEWHGSWD AYFNAPEHKE EGATKRTNFS LTGPLGDEFS FRLYGNLDKT QADAWDINQG HQSARAGTYA TTLPAGREGV INKDINGVVR WDFAPLQSLE LEAGYSRQGN LYAGDTQNTN SDSYTRSKYG DETNRLYRQN YALTWNGGWD NGVTTSNWVQ YEHTRNSRIP EGLAGGTEGK FNEKATQDFV DIDLDDVMLH SEVNLPIDFL VNQTLTLGTE WNQQRMKDLS SNTQALTGTN TGGAIDGVST TDRSPYSKAE IFSLFAENNM ELTDSTIVTP GLRFDHHSIV GNNWSPALNI SQGLGDDFTL KMGIARAYKA PSLYQTNPNY ILYSKGQGCY ASAGGCYLQG NDDLKAETSI NKEIGLEFKR DGWLAGVTWF RNDYRNKIEA GYVAVGQNAV GTDLYQWDNV PKAVVEGLEG SLNVPVSETV MWTNNITYML KSENKTTGDR LSIIPEYTLN STLSWQARED LSMQTTFTWY GKQQPKKYNY KGQPAVGPET KEISPYSIVG LSATWDVTKN VSLTGGVDNL FDKRLWRAGN AQTTGDLAGA NYIAGAGAYT YNEPGRTWYM SVNTHF
FhuA;22;2FCP;QESAWGPAAT IAARQSATGT KTDTPIQKVP QSISVVTAEE MALHQPKSVK EALSYTPGVS VGTRGASNTY DHLIIRGFAA EGQSQNNYLN GLKLQGNFYN DAVIDPYMLE RAEIMRGPVS VLYGKSSPGG LLNMVSKRPT TEPLKEVQFK AGTDSLFQTG FDFSDSLDDD GVYSYRLTGL ARSANAQQKG SEEQRYAIAP AFTWRPDDKT NFTFLSYFQN EPETGYYGWL PKEGTVEPLP NGKRLPTDFN EGAKNNTYSR NEKMVGYSFD HEFNDTFTVR QNLRFAENKT SQNSVYGYGV CSDPANAYSK QCAALAPADK GHYLARKYVV DDEKLQNFSV DTQLQSKFAT GDIDHTLLTG VDFMRMRNDI NAWFGYDDSV PLLNLYNPVN TDFDFNAKDP ANSGPYRILN KQKQTGVYVQ DQAQWDKVLV TLGGRYDWAD QESLNRVAGT TDKRDDKQFT WRGGVNYLFD NGVTPYFSYS ESFEPSSQVG KDGNIFAPSK GKQYEVGVKY VPEDRPIVVT GAVYNLTKTN NLMADPEGSF FSVEGGEIRA RGVEIEAKAA LSASVNVVGS YTYTDAEYTT DTTYKGNTPA QVPKHMASLW ADYTFFDGPL SGLTLGTGGR YTGSSYGDPA NSFKVGSYTV VDALVRYDLA RVGMAGSNVA LHVNNLFDRE YVASCFNTYG CFWGAERQVV ATATFRF
FecA;22;1KMO;ALTVVGD WLGDARENDV FEHAGARDVI RREDFAKTGA TTMREVLNRI PGVSAPENNG TGSHDLAMNF GIRGLNPRLA SRSTVLMDGI PVPFAPYGQP QLSLAPVSLG NMDAIDVVRG GGAVRYGPQS VGGVVNFVTR AIPQDFGIEA GVEGQLSPTS SQNNPKETHN LMVGGTADNG FGTALLYSGT RGSDWREHSA TRIDDLMLKS KYAPDEVHTF NSLLQYYDGE ADMPGGLSRA DYDADRWQST RPYDRFWGRR KLASLGYQFQ PDSQHKFNIQ GFYTQTLRSG YLEQGKRITL SPRNYWVRGI EPRYSQIFMI GPSAHEVGVG YRYLNESTHE MRYYTATSSG QLPSGSSPYD RDTRSGTEAH AWYLDDKIDI GNWTITPGMR FEHIESYQNN AITGTHEEVS YNAPLPALNV LYHLTDSWNL YANTEGSFGT VQYSQIGKAV QSGNVEPEKA RTWELGTRYD DGALTAEMGL FLINFNNQYD SNQTNDTVTA RGKTRHTGLE TQARYDLGTL TPTLDNVSIY ASYAYVNAEI REKGDTYGNL VPFSPKHKGT LGVDYKPGNW TFNLNSDFQS SQFADNANTV KESADGSTGR IPGFMLWGAR VAYDFGPQMA DLNLAFGVKN IFDQDYFIRS YDDNNKGIYA GQPRTLYMQG SLKF
OpcA;10;1K24;AQELQTANEFTVHTDLSSISSTRAFLKEKHKAAKHIGVRADIPFDANQGIRLEAGFGRSKKNIINLETDENKLGKTKNVKLPTGVPENRIDLYTGYTYTQTLSDSLNFRVGAGLGFESSKDSIKTTKHTLHSSRQSWLAKVHADLLSQLGNGWYINPWSEVKFDLNSRYKLNTGVTNLKKDINQKTNGWGFGLGANIGKKLGESASIEAGPFYKQRTYKESGEFSVTTKSGDVSLTIPKTSIREYGLRVGIKF
